run_id,id,generation,operation,parents,hypothesis,valid,c1,failure
a628bc0e-3fd3-416b-92ec-eb5474add711,candidate-000000,0,seed,,User-provided seed program.,True,2.0,
a628bc0e-3fd3-416b-92ec-eb5474add711,candidate-000001,1,mutation,candidate-000000,"A Sidon-set-inspired construction, where nonzero heights are placed at positions corresponding to a B2 (Sidon) set modulo n, will reduce the autoconvolution peak relative to the squared mass compared to the uniform baseline, because Sidon sets have the property that all pairwise sums are distinct, minimizing the collision count in the discrete convolution and thus reducing the maximum convolution coefficient.",True,3.3892668178382466,
a628bc0e-3fd3-416b-92ec-eb5474add711,candidate-000002,1,mutation,candidate-000000,"A step function based on a B2 (Sidon) set construction will reduce the autoconvolution constant c1 below the uniform baseline of 2.0. By placing nonzero heights only at indices corresponding to a Sidon set (where all pairwise sums are distinct), the convolution coefficients are spread more evenly, reducing the maximum convolution value relative to the squared sum.",True,3.3892668178382466,
a628bc0e-3fd3-416b-92ec-eb5474add711,candidate-000003,1,exploration,,"A B-spline-inspired smooth bump function discretized on the grid, combined with a greedy local perturbation search that exploits the structure of the autoconvolution minimization problem, will achieve lower c1 values than uniform or simple triangular initializations. The key insight is that spreading mass smoothly reduces the peak of the autoconvolution relative to the square of the total mass, since peaked distributions concentrate autoconvolution energy at a single lag.",False,,solve signature does not match ProblemContract.solve_signature
a628bc0e-3fd3-416b-92ec-eb5474add711,candidate-000004,1,mutation,candidate-000000,"A B2 (Sidon) set construction, where the step function is supported on a sparse set of cells corresponding to a Sidon set modulo a prime, will produce a lower autoconvolution constant c1 than the uniform baseline. Sidon sets have the property that all pairwise sums are distinct, which minimizes collisions in the convolution and thereby reduces the peak of the autoconvolution relative to the squared mass.",True,8.846514870410974,
a628bc0e-3fd3-416b-92ec-eb5474add711,candidate-000005,1,exploration,,"A B-spline-inspired smooth bump function discretized on the grid, combined with a greedy local search that perturbs individual cells to reduce the max autoconvolution coefficient, will produce lower c1 values than uniform or simple arithmetic constructions. The key insight is that smooth, bell-shaped distributions spread the convolution energy more evenly, reducing the peak, while the squared integral (denominator) stays large.",True,2.8783442386612403,
a628bc0e-3fd3-416b-92ec-eb5474add711,candidate-000006,1,mutation,candidate-000000,"A Sidon-set (B2-set) inspired construction, where we place unit impulses at positions forming a Sidon set (all pairwise sums distinct), will reduce the autoconvolution peak compared to the uniform baseline. For a Sidon set S ⊂ {0,...,n-1}, the discrete convolution a[k] = sum q[i]*q[k-i] has max value minimized because no two pairs (i,j) share the same sum k, keeping each convolution coefficient at most equal to the number of representations. We construct a greedy Sidon set and assign weight only to those positions, yielding a sparse function whose autoconvolution peak grows much slower than the square of the sum.",True,3.3892668178382466,
a628bc0e-3fd3-416b-92ec-eb5474add711,candidate-000007,2,mutation,candidate-000000,"A raised cosine (Hann window) initialization produces a smoother autoconvolution profile than a uniform distribution, reducing the peak-to-mass-squared ratio. Combined with a fast incremental coordinate-descent refinement that greedily adjusts individual cell heights to reduce c1, this should achieve c1 significantly below the baseline of 2.0. The mathematical insight is that smooth, bell-shaped distributions spread autoconvolution energy more evenly across lags, reducing the maximum relative to the squared integral.",False,,wall-clock limit
a628bc0e-3fd3-416b-92ec-eb5474add711,candidate-000008,2,exploration,,"A Sidon-set-inspired construction using a B2 sequence (where all pairwise sums are distinct) discretized onto the grid will minimize autoconvolution peaks. The key insight is that Sidon sets have flat autoconvolution (each lag appears at most once), so their indicator functions minimize the peak-to-mass-squared ratio. We initialize with a known greedy Sidon construction then refine with gradient-free coordinate search exploiting incremental convolution updates.",True,1.7181121287359553,
a628bc0e-3fd3-416b-92ec-eb5474add711,candidate-000009,2,mutation,candidate-000000,"A raised-cosine (Hann window) initialization produces a smooth mass distribution whose autoconvolution peak is substantially lower relative to the squared total mass than the uniform distribution, because smooth bell-shaped functions spread autoconvolution energy across many lags rather than concentrating it at the center lag. This gives c1 < 2.0 (the uniform baseline) for all n.",True,3.056005097890033,
a628bc0e-3fd3-416b-92ec-eb5474add711,candidate-000010,2,merge,"candidate-000000,candidate-000004","A hybrid construction combining a smooth raised-cosine (Hann window) initialization with fast incremental coordinate-descent optimization will achieve c1 significantly below the uniform baseline of 2.0. The key insight is that smooth, bell-shaped mass distributions spread autoconvolution energy more evenly across lags than either flat or sparse Sidon-set constructions, and greedy local search with efficient incremental convolution updates can further reduce the peak.",False,,wall-clock limit
a628bc0e-3fd3-416b-92ec-eb5474add711,candidate-000011,2,mutation,candidate-000000,"A raised-cosine (Hann window) initialization produces a smoother mass distribution than the uniform baseline, reducing the peak of the discrete autoconvolution relative to the squared total mass. After initialization, a fast greedy coordinate-descent search with incremental convolution updates further lowers c1 by locally adjusting cell heights. The autoconvolution peak is minimized when mass is spread smoothly, because concentrated distributions focus convolution energy at a single lag.",True,1.8879610233650992,
a628bc0e-3fd3-416b-92ec-eb5474add711,candidate-000012,2,mutation,candidate-000000,"A raised cosine (Hann window) initialization provides a smoother mass distribution than the uniform baseline, reducing the peak of the autoconvolution relative to the squared total mass. The autoconvolution of a smooth, bell-shaped function is itself smoother and has a lower ratio of peak to squared integral than a flat function. Combining this with a lightweight greedy local search that incrementally updates the convolution should yield c1 < 2.0.",True,1.6934534339800928,
a628bc0e-3fd3-416b-92ec-eb5474add711,candidate-000013,2,repair,candidate-000003,"A smooth raised-cosine (Hann window) initialization combined with efficient incremental autoconvolution updates and coordinate-descent local search will minimize c1. The key repair is fixing the broken incremental convolution update logic in the parent, which incorrectly handled the j==idx branch by mixing two code paths, and unifying into a single correct formula: new_a[k] += delta*(q[k-idx] + q[k-idx]) for k!=2*idx, and delta*(2*q[idx]+delta) for k=2*idx.",True,1.654808920086514,
a628bc0e-3fd3-416b-92ec-eb5474add711,candidate-000014,3,repair,candidate-000003,"A raised cosine (Hann window) initialization produces a smoother autoconvolution profile than uniform distributions, reducing the peak-to-mass-squared ratio. Combined with fast incremental coordinate-descent that avoids the O(n^2) per-step bottleneck by only recomputing affected convolution entries, this achieves c1 well below 2.0. The key fix over parent candidates is replacing the full O(n) inner loop per coordinate update with a targeted O(n) scan that stays within wall-clock budget for all n up to 4096.",True,1.620383413986697,
a628bc0e-3fd3-416b-92ec-eb5474add711,candidate-000015,3,mutation,candidate-000000,"A raised cosine (Hann window) initialization, without any local search (to avoid timeout), produces a smoother autoconvolution profile than the uniform baseline. The Hann window concentrates mass in the center, spreading autoconvolution energy more evenly across lags and reducing the peak relative to the squared total mass, yielding c1 < 2.0.",True,3.056005097890033,
a628bc0e-3fd3-416b-92ec-eb5474add711,candidate-000016,3,merge,"candidate-000012,candidate-000000","Crossover of the Hann-window + greedy coordinate-descent from candidate-000012 with a more aggressive multi-scale delta search and vectorized convolution update that avoids recomputing the full max_a scan (instead tracking it lazily only when needed). By combining the proven smooth initialization strategy with a wider delta alphabet that includes fine-grained steps and a smarter early-exit when the current peak index is not affected, we reduce wasted iterations and improve solution quality for all n, especially mid-range (128-1024) where candidate-000012 was budget-constrained. Additionally, we add a ""reshape toward flat top"" post-processing pass that nudges the distribution to be more uniform in its middle region—which empirically reduces the autoconvolution peak.",True,1.6713428181712977,
a628bc0e-3fd3-416b-92ec-eb5474add711,candidate-000017,3,mutation,candidate-000000,"A Bernoulli-convolution-inspired sparse construction using a B2 (Sidon) set structure adapted to the discrete grid will achieve lower c1 than the uniform baseline. Specifically, placing mass at positions corresponding to a perfect difference set or greedy Sidon set ensures that the discrete autoconvolution a[k] for k≠0 has small coefficients, spreading convolution energy rather than concentrating it at the peak k=n-1. The initial placement uses a quadratic residue construction for prime n, and falls back to a greedy Sidon set builder for composite n. Mass is then redistributed using a fast gradient-free multiplicative weight update to reduce max(a)/sum(q)^2.",True,1.6868040144606555,
f79cdcaa-75bd-45b4-9868-558550f94ea9,candidate-000000,0,seed,,User-provided seed program.,True,1.620383413986697,
f79cdcaa-75bd-45b4-9868-558550f94ea9,candidate-000001,1,mutation,candidate-000000,"Using a B2 (Sidon) sequence as initialization for coordinate descent will yield lower c1 values than window-function initializations, because B2 sequences have the property that all pairwise sums are distinct, which spreads the autoconvolution energy more evenly and reduces the peak. Additionally, using a finer-grained adaptive step size schedule and scanning all coordinates (not just evenly-spaced ones) in smaller-n cases will improve optimization quality. For larger n, we use a polynomial/quadratic placement of B2-like sequences mapped onto [0,n-1] and combine with the Hann window as fallback.",True,1.649960745219226,
f79cdcaa-75bd-45b4-9868-558550f94ea9,candidate-000002,1,exploration,,"A B-spline-like smooth bump function discretized on the grid, combined with a greedy local optimization that iteratively redistributes mass to reduce the peak of the autoconvolution, will yield lower c1 values than simple uniform or triangular initializations. The key insight is that spreading mass non-uniformly to avoid concentration of convolution peaks — similar to how Sidon sets spread elements to avoid repeated differences — reduces the ratio of peak convolution to squared total mass.",True,1.9982738516160445,
f79cdcaa-75bd-45b4-9868-558550f94ea9,candidate-000003,1,exploration,,"A B-spline-like construction that places mass according to a carefully shaped density—specifically a raised cosine or Hann window profile discretized over the support—minimizes the autoconvolution peak relative to the squared integral, because smooth unimodal functions tend to spread their convolution energy more evenly than flat or spiky distributions, reducing the maximum of the autoconvolution.",True,2.398976068176501,
f79cdcaa-75bd-45b4-9868-558550f94ea9,candidate-000004,1,exploration,,"A B-spline-inspired smooth density profile combined with a greedy perturbation search can minimize the autoconvolution peak-to-mass ratio c1. Starting from a smooth unimodal initialization (Gaussian-like bell curve quantized to integers), then applying local hill-climbing that swaps weight between positions to reduce max(a)/sum(q)^2, will yield lower c1 than naive uniform or random initializations because the smooth profile spreads convolution energy more evenly across lags.",False,,wall-clock limit
f79cdcaa-75bd-45b4-9868-558550f94ea9,candidate-000005,1,mutation,candidate-000000,"A B2 (Sidon) set construction combined with a continuous relaxation provides better initializations than smooth window functions for minimizing c1. Specifically, using a ""perfect difference set"" or greedy Sidon set where q[i]=1 at Sidon set positions gives a sparse initialization with well-distributed autoconvolution, then refining via coordinate descent. Additionally, symmetrizing the solution (q[i] = q[n-1-i]) halves the search space and preserves c1, allowing more efficient optimization. For smooth initializations, trying multiple Gaussian widths and using the best post-optimization result across all initializations should further reduce the mean c1.",True,2.0288550226437474,
f79cdcaa-75bd-45b4-9868-558550f94ea9,candidate-000006,1,mutation,candidate-000000,"Using a B2/Sidon-set-inspired sparse initialization combined with a smarter coordinate descent that focuses updates on high-convolution regions (rather than uniform scanning) will yield lower c1 values. Specifically, placing mass at positions corresponding to a perfect difference set or quadratic residue construction creates a flatter autoconvolution, which is the key property for minimizing the peak-to-mass-squared ratio. Additionally, using a multi-resolution refinement strategy (coarse grid first, then fine) exploits the smoothness of the objective and avoids wasteful full-grid scans at large n.",True,1.6203659816787213,
f79cdcaa-75bd-45b4-9868-558550f94ea9,candidate-000007,2,mutation,candidate-000000,"A multi-scale coordinate descent with FFT-accelerated convolution updates and smarter initialization from raised-cosine profiles will outperform the parent's O(n) per-step incremental scan. By using a full convolution recompute only when needed and tracking the convolution array incrementally with O(1) per coordinate update (only recomputing max when the maximum entry changes), combined with a larger step-size schedule and more aggressive search for small n, we can achieve lower c1 values across all n.",True,1.6274928675414198,
f79cdcaa-75bd-45b4-9868-558550f94ea9,candidate-000008,2,exploration,,"A cosine-tapered flat-top density profile (a trapezoid or raised-cosine window) minimizes the autoconvolution peak-to-mass ratio c1 better than a pure Gaussian, because flat-top regions concentrate convolution energy more uniformly across lags, while the cosine taper reduces edge artifacts. Combined with a fast O(n log n)-style incremental convolution update for local search at small n, this approach should achieve c1 close to 1.0 across all evaluation sizes without timing out.",True,2.0,
f79cdcaa-75bd-45b4-9868-558550f94ea9,candidate-000009,2,mutation,candidate-000000,"A multi-scale coordinate descent with incremental convolution updates, combined with smarter index selection (focusing on positions that contribute most to the convolution peak) and multiple smooth initializations including raised cosine, Gaussian variants, and triangle profiles, will reduce c1 below the parent's 1.620. The key improvement is targeting coordinates near the indices that maximize the convolution peak rather than scanning uniformly, which reduces wasted evaluations and finds better local optima within the same time budget.",True,1.6259849046958326,
f79cdcaa-75bd-45b4-9868-558550f94ea9,candidate-000010,2,exploration,,"A B2 (Sidon) sequence-inspired combinatorial construction, where positions are chosen to minimize collisions in pairwise sums, will produce a low autoconvolution peak. By placing unit weights at positions forming a near-Sidon set (all pairwise sums distinct), the discrete convolution a[k] stays near 1 for most k, keeping max(a) small relative to sum(q)^2. For larger n, we augment a perfect-difference-set construction (using modular arithmetic over a prime field) with a smooth envelope to further reduce the peak ratio c1.",True,2.2913319895859576,
f79cdcaa-75bd-45b4-9868-558550f94ea9,candidate-000011,2,mutation,candidate-000006,"A flat-top window with adaptive taper width, combined with a fast O(n)-per-step coordinate descent using incremental convolution updates and multi-scale step sizes, will achieve lower c1 than the parent's approach. The key insight is that for minimizing the autoconvolution peak, a nearly-flat (rectangular) distribution makes the convolution nearly trapezoidal with a plateau, while smooth tapered edges reduce ringing. By tuning the taper fraction and performing more efficient gradient-like descent focused on reducing the peak convolution index, we can find better solutions especially at medium-to-large n.",True,1.6606617074724992,
f79cdcaa-75bd-45b4-9868-558550f94ea9,candidate-000012,2,mutation,candidate-000000,A micro-mutation of the parent's coordinate-descent approach that uses a smarter step-size schedule (starting larger and decaying more slowly) combined with a focused scan strategy that prioritizes indices near the peak of the convolution will reduce c1 compared to the parent's uniform index scanning.,True,1.6111909774416067,
bfcf0480-45f2-4c00-8643-23ad0692dc8e,candidate-000000,0,seed,,User-provided seed program.,True,1.6111909774416067,
bfcf0480-45f2-4c00-8643-23ad0692dc8e,candidate-000001,1,mutation,candidate-000000,"A Sidon-optimal step function concentrates mass in a non-uniform pattern that minimizes the peak autoconvolution. Starting from a Hann-window initialization and applying coordinate descent with multi-scale step sizes, combined with a smarter ""peak-flattening"" reweighting that gradually shifts mass away from peak-contributing index pairs, will reduce c1 below the parent's 1.611. The key mutation is replacing the binary ±delta search with a ternary {-delta, 0, +delta} scan combined with an adaptive budget that allocates more steps to small n (where full optimization is feasible) and uses a structured scan order for large n.",True,1.6187931460633405,
bfcf0480-45f2-4c00-8643-23ad0692dc8e,candidate-000002,1,exploration,,"A B-spline-smoothed arithmetic progression on a Sidon-set-inspired grid, combined with a local hill-climbing refinement that minimizes the discrete autoconvolution peak, yields a lower c1 than uniform or simple triangular distributions. The key insight is that spreading mass according to a quadratic profile reduces the convolution peak relative to the squared total mass.",False,,solve signature does not match ProblemContract.solve_signature
bfcf0480-45f2-4c00-8643-23ad0692dc8e,candidate-000003,1,mutation,candidate-000000,"A Sidon-optimal step function on [-1/4,1/4] should concentrate mass near the center to reduce convolution peak relative to squared integral. Using a power-law shaped initialization (raised cosine with exponent < 1, i.e., flatter top) combined with coordinate descent that fully recomputes the peak-contributing indices will yield lower c1 than the parent's multi-init strategy, especially if we add a greedy ""redistribute mass toward flat"" perturbation phase and use a finer step decay schedule.",False,,wall-clock limit
bfcf0480-45f2-4c00-8643-23ad0692dc8e,candidate-000004,1,exploration,,"A B-spline-inspired smooth bump constructed by convolving a uniform distribution with itself produces a function whose autoconvolution peak is spread more evenly, yielding a lower c1 ratio than simple uniform or arithmetic-progression constructions. Placing the bump symmetrically on the grid and optimizing the number of self-convolutions (order) as a function of n gives consistently low c1 values.",True,5.822582834411434,
bfcf0480-45f2-4c00-8643-23ad0692dc8e,candidate-000005,1,mutation,candidate-000000,"A Sidon-optimal step function on [-1/4,1/4] concentrates mass in a way that spreads the autoconvolution peak. Sparse integer sets (Sidon/B2 sets) have provably flat autoconvolution, so projecting grid indices onto a known Sidon set construction gives a near-optimal initialization. Combining this with a gradient-guided coordinate descent that uses exact incremental convolution updates and adaptive multi-scale step sizes should outperform the multi-window initialization approach of the parent.",False,,wall-clock limit
bfcf0480-45f2-4c00-8643-23ad0692dc8e,candidate-000006,1,exploration,,"A B-spline-shaped density on [-1/4, 1/4] combined with a greedy local search to redistribute integer weights can minimize the autoconvolution peak ratio c1. Starting from a smooth quadratic-bump initial distribution (which approximates the known optimal density for Sidon-type problems), then applying coordinate-wise greedy improvements, produces small c1 values across all n.",False,,wall-clock limit
bfcf0480-45f2-4c00-8643-23ad0692dc8e,candidate-000007,1,mutation,candidate-000000,"Using a B2 (Sidon) set construction to place unit impulses at positions where no two differences repeat gives a near-flat autoconvolution, and then refining with incremental coordinate descent should yield a lower c1 than smooth window initializations alone.",True,1.6111909774416067,
bfcf0480-45f2-4c00-8643-23ad0692dc8e,candidate-000008,1,mutation,candidate-000000,"Using a B2 (Sidon) set construction to initialize the discrete density vector q produces a better starting point for coordinate descent, because Sidon sets are known to have flat autoconvolution spectra. Specifically, initializing q as an indicator of a known Sidon set (modular Sidon set via quadratic residues mod a prime) and then running incremental coordinate descent will yield lower c1 than generic window initializations, especially for larger n.",True,1.6115244254050556,
bfcf0480-45f2-4c00-8643-23ad0692dc8e,candidate-000009,2,repair,candidate-000002,"A quadratic-bump initialization combined with FFT-accelerated convolution max computation and a bounded coordinate-descent refinement that scales with n yields consistently low c1 values across all n in [2, 4096].",True,2.398975929571654,
