problem_id,generation_success,generation_seconds,generation_input_tokens,generation_output_tokens,generation_total_tokens,generation_cost_usd,generation_error,verification_generation_success,verification_generation_seconds,verification_generation_input_tokens,verification_generation_output_tokens,verification_generation_total_tokens,verification_generation_cost_usd,verification_generation_error,lean_verification_success,lean_verification_seconds,lean_verification_error,result,total_seconds,total_tokens,total_cost_usd
Artin|exercise_3_5_6,True,29.891,25649,1721,27370,0.0685,,False,60.988,79717,5397,85114,0.2134,Lea produced invalid Verification.lean; see lean_check.log,True,4.814,,equivalent,95.693,112484,0.281900
Dummit-Foote|exercise_3_4_5a,True,24.735,14727,646,15373,0.0359,,True,25.907,21107,1110,22217,0.0533,,True,4.151,,equivalent,54.793,37590,0.089200
Dummit-Foote|exercise_7_3_37,True,23.679,9956,1072,11028,0.0306,,True,28.967,22063,1552,23615,0.0596,,True,4.374,,equivalent,57.020,34643,0.090200
Ireland-Rosen|exercise_3_5,True,20.73,14661,585,15246,0.0352,,True,23.548,20833,919,21752,0.0509,,True,4.027,,equivalent,48.305,36998,0.086100
Munkres|exercise_13_4b1,True,38.359,14978,1232,16210,0.0423,,True,51.584,52434,4941,57375,0.1543,,True,4.061,,equivalent,94.004,73585,0.196600
Munkres|exercise_13_6,True,24.916,14875,1301,16176,0.0428,,True,160.037,72268,18153,90421,0.3261,,False,4.829,unapproved axiom or missing #print axioms,not_proven,189.782,106597,0.368900
Munkres|exercise_18_8b,True,22.595,19956,788,20744,0.0478,,True,26.445,21683,1279,22962,0.0562,,True,4.055,,equivalent,53.095,43706,0.104000
Munkres|exercise_33_8,True,28.645,15019,1758,16777,0.0476,,True,84.048,76069,8314,84383,0.2353,,False,4.500,unapproved axiom or missing #print axioms,not_proven,117.193,101160,0.282900
Rudin|exercise_1_18a,True,24.279,19610,923,20533,0.0484,,True,25.772,21789,1302,23091,0.0566,,True,4.709,,equivalent,54.760,43624,0.105000
Rudin|exercise_4_5a,True,21.922,14836,864,15700,0.0383,,True,25.664,21619,1129,22748,0.0545,,True,4.555,,equivalent,52.141,38448,0.092800
